epoch,aa_acc,acc,kl_loss,loss,vae_loss,val_aa_acc,val_acc,val_kl_loss,val_loss,val_vae_loss,val_xent_loss,xent_loss
0,0.5137805370613933,0.5507701579481363,482.7910651117563,3902.4281311035156,3902.4281311035156,0.6246885061264038,0.6859561204910278,508.75244140625,2583.533935546875,2583.533935546875,2074.781494140625,3419.6371307373047
